id;duyuru_baslik;duyuru_icerik;duyuru_baslama_tarihi;duyuru_bitis_tarihi
1;customer Account Administrator;Account cross-platform;2022-05-09;2022-05-09
2;Vision-oriented Account;Ürdün Borders;2022-05-09;2022-05-09
3;Industrial Developer Cliff;AGP;2022-05-09;2022-05-09
4;Buckinghamshire channels;solution-oriented Harbors;2022-05-08;2022-05-08
5;Hat;Table Cheese white;2022-05-09;2022-05-09
6;Orchestrator;SDD Cotton;2022-05-09;2022-05-09
7;Fantastic up synthesizing;programming Accounts;2022-05-09;2022-05-09
8;intuitive Grönland;invoice Interactions Awesome;2022-05-09;2022-05-08
9;interface;Skyway Market encoding;2022-05-09;2022-05-09
10;transitional Lats;Assurance Configuration;2022-05-09;2022-05-09
